Date,Open,High,Low,Close,Adj Close,Volume
20150102,206.380005,206.880005,198.860001,202.309998,172.849808,625596600
20150109,204.009995,206.419998,198.570007,200.860001,171.610977,857725600
20150116,201.630005,203.660004,198.550003,203.080002,173.507751,642427300
20150123,203.990005,206.259995,199.910004,200.139999,170.995834,686441400
20150130,200.380005,205.380005,197.860001,204.059998,174.345032,792941700
20150206,204.860001,207.449997,204.139999,206.929993,176.797058,498096200
20150213,207.889999,210.320007,206.970001,210.130005,179.531113,348837400
20150220,209.410004,212.240005,208.729996,211.630005,180.812698,452304000
20150227,211.520004,212.059998,209.059998,210.229996,179.616547,493088300
20150306,210.619995,210.800003,204.399994,204.5,174.720963,622086900
20150313,205.259995,211.270004,204.580002,210.460007,179.813065,715822500
20150320,209.960007,211.110001,205.710007,205.759995,175.79744,604743900
20150327,204.960007,208.610001,204.119995,205.699997,176.530716,632258900
20150402,205.619995,208.759995,205.210007,207.979996,178.487381,371857300
20150410,207.779999,211.039993,207.190002,210.429993,180.589981,407337600
20150417,210.029999,210.979996,207.009995,210.630005,180.761551,503062000
20150424,210.149994,212.479996,209.330002,210.570007,180.710083,455819800
20150501,209.880005,212.020004,206.759995,208.039993,178.538818,584018200
20150508,207.919998,211.889999,207.520004,210.020004,180.238083,534225800
20150515,211.240005,213.779999,210.910004,212.880005,182.692551,395965900
20150522,212.710007,213.75,210.199997,212.699997,182.538071,339720700
20150529,212.330002,212.669998,210.270004,211.919998,181.868652,472584900
20150605,211.070007,211.860001,207.690002,210.949997,181.036209,602236800
20150612,211.479996,212.089996,207.789993,210.589996,180.727264,545659800
20150619,211.309998,213.339996,210.360001,210.5,180.650009,527826700
20150626,211.100006,211.25,205.279999,207.5,178.941605,722808500
20150702,208.070007,208.270004,204.110001,204.529999,176.380432,560189400
20150710,207.039993,211.279999,204.770004,210.610001,181.623596,559263100
20150717,211.869995,213.179993,210.889999,211.369995,182.278976,432793000
20150724,211.529999,211.649994,206.259995,210.770004,181.761566,569961300
20150731,210.160004,211.449997,208.649994,210.070007,181.157928,476144600
20150807,210.289993,210.669998,205.360001,208.919998,180.166183,612364600
20150814,208.729996,210.679993,207.350006,208.320007,179.648804,485881100
20150821,206.509995,208.289993,182.399994,194.460007,167.696365,1757250800
20150828,197.020004,199.839996,190.729996,195.410004,168.515594,1014126800
20150904,196.259995,199.470001,191.610001,194.789993,167.980942,624542200
20150911,194.559998,200.410004,194.25,200.179993,172.629105,571142100
20150918,200.020004,202.889999,192.559998,193.600006,166.954697,852111800
20150925,192.149994,195,186.929993,191.630005,166.115005,815447100
20151002,192.080002,199.830002,189.119995,199.410004,172.859116,702984900
20151009,198.949997,202.160004,198.589996,199.289993,172.755035,503664900
20151016,200.080002,203.839996,199.639999,201.850006,174.974197,505732700
20151023,202.979996,208.979996,201.850006,208.949997,181.12886,602199500
20151030,208.350006,211.660004,207.740005,210.360001,182.351151,499343800
20151106,210.429993,210.979996,206.949997,207.740005,180.079971,463609500
20151113,206.5,208.899994,202.179993,208.729996,180.938171,635003700
20151120,208.589996,210.119995,207.410004,209.320007,181.449615,398017700
20151127,209.429993,211,208.229996,208.529999,180.764816,356440200
20151204,208.830002,209.970001,204.179993,205.339996,177.999512,726939100
20151211,205.419998,208.389999,199.949997,208.029999,180.33136,860774000
20151218,208.399994,208.479996,199.830002,206.020004,178.58902,745593700
20151224,205.720001,207.789993,203.940002,205.929993,179.573364,270397900
20151231,205.130005,205.889999,197.600006,198.820007,173.373367,600189800
20160108,195.330002,197.440002,188.380005,188.830002,164.661957,1004694000
20160115,189.550003,193.259995,181.020004,185.649994,161.888962,1047434200
20160122,186.210007,191.559998,184.639999,188.130005,164.051544,821182700
20160129,189.960007,194.580002,187.100006,191.300003,166.815887,878009500
20160205,190.710007,192.75,182.800003,185.270004,161.557602,844574000
20160212,182.339996,193.320007,181.089996,192.880005,168.193588,602951500
20160219,193.199997,194.949997,189.320007,193.199997,168.472672,583043800
20160226,193.729996,199.059998,192.830002,199,173.530319,610694800
20160304,198.789993,201.350006,198.110001,199.380005,173.861755,543460900
20160311,199.960007,203.820007,197.380005,203.339996,177.31488,590887500
20160318,203.240005,205.229996,202.770004,203.210007,177.201492,524102000
20160324,202,206.869995,201.740005,206.020004,180.57843,326057300
20160401,205.910004,207.139999,203.889999,206.419998,180.929077,464006600
20160408,205.139999,208.100006,203.089996,208,182.313919,504344100
20160415,208.070007,210.919998,207,210.100006,184.154587,392921900
20160422,210.119995,210.25,207.539993,209.350006,183.497177,404306800
20160429,208.460007,209.759995,204.419998,205.009995,179.693146,500494200
20160506,205.559998,208.539993,203.880005,206.5,180.999161,390508300
20160513,207.289993,207.490005,203.630005,204.910004,179.605484,498534700
20160520,204.059998,209.770004,202.779999,209.279999,183.435822,449262700
20160527,209.440002,210.690002,208.889999,210.270004,184.303635,299307500
20160603,209.800003,212.520004,208.860001,212.369995,186.144257,356834500
20160610,211.509995,212.220001,206.919998,207.75,182.094772,539551100
20160617,207.75,209.610001,205.589996,208.100006,182.401611,517400600
20160624,209.809998,210.869995,198.649994,206.660004,182.08139,963662600
20160701,207.210007,210.490005,206.559998,209.660004,184.724564,476902400
20160708,209.869995,215.449997,208.630005,214.919998,189.359009,481798400
20160715,216.399994,217.369995,215.309998,217.089996,191.270935,369617400
20160722,216.960007,217.300003,215.619995,216.520004,190.768723,340602300
20160729,216.289993,217.649994,214.570007,216.179993,190.469162,364155600
20160805,216.309998,218.759995,214.25,217.639999,191.755524,267577000
20160812,218.259995,219.5,217.020004,218.369995,192.398697,311979200
20160819,218.339996,219.600006,217.360001,217.850006,191.940506,314929200
20160826,217.399994,219.119995,216.25,217.380005,191.526443,405617300
20160902,217.369995,219.220001,216.029999,219.009995,192.962555,310395100
20160909,218.619995,218.940002,212.309998,213.149994,187.79953,780817200
20160916,212.960007,216.029999,212.570007,215.820007,190.151962,549864500
20160923,217,217.529999,213.619995,216.639999,191.838654,406042700
20160930,216.399994,217.119995,213.990005,215.630005,190.944275,521549700
20161007,215.369995,216.699997,212.580002,213.710007,189.244064,408804200
20161014,212.160004,214.690002,211.210007,214.279999,189.748825,396367800
20161021,213.869995,215.320007,212.759995,213.740005,189.270584,365123300
20161028,214.580002,214.619995,209.229996,209.740005,185.728546,505228500
20161104,209.990005,217.100006,208.380005,216.380005,191.608414,673057400
20161111,217.300003,218.309998,215.220001,217.869995,192.927826,524516300
20161118,218.050003,220.789993,217.919998,220.699997,195.433823,352514800
20161125,221.100006,221.820007,220.169998,220.380005,195.150452,297623300
20161202,220.729996,224.669998,219.149994,224.600006,198.887375,392334100
20161209,224.570007,228.339996,224.259995,225.880005,200.020813,542715600
20161216,226.160004,227.809998,224.669998,225.770004,199.923386,529481700
20161223,225.600006,226.729996,224.270004,224.399994,199.88147,199684400
20161230,224.479996,226.75,222.729996,226.580002,201.823288,327805300
20170106,226.270004,227.75,225.479996,227.100006,202.286514,335300500
20170113,226.5,227.399994,224.960007,226.75,201.974701,250865200
20170120,226.839996,229.570007,225.270004,229.570007,204.486618,450832000
20170127,229.399994,229.710007,226.320007,227.619995,202.749619,354417600
20170203,227.619995,229.660004,226.820007,229.240005,204.192642,317508300
20170210,229.240005,235.139999,229.240005,234.919998,209.251953,345048000
20170217,234.949997,236.690002,233.850006,236.279999,210.46344,312987800
20170224,236.880005,240.320007,235.410004,239.779999,213.581009,459633000
20170303,239.559998,239.570007,236.399994,236.559998,210.71283,350884300
20170310,236.699997,239.440002,235.740005,238.949997,212.841721,385895000
20170317,239.110001,239.199997,233.050003,234.279999,208.681992,449261600
20170324,234.279999,235.809998,231.610001,235.539993,210.71698,455804000
20170331,235.470001,237.389999,233.910004,234.779999,210.037109,381284300
20170407,234.940002,236.259995,233.339996,234.029999,209.366135,381073100
20170413,233.639999,234.949997,232.509995,233.440002,208.838364,313211500
20170421,234.149994,239.529999,233.779999,238.399994,213.275604,483572700
20170428,238.770004,239.169998,237.699997,238.479996,213.347153,318339000
20170505,238.830002,240.190002,237.779999,239.869995,214.590714,277506700
20170512,239.350006,240.669998,235.75,235.820007,210.967529,401605800
20170519,235.729996,240.729996,235.429993,240.610001,215.252762,378339100
20170526,241.199997,242.080002,240.639999,241.440002,215.995239,237699500
20170602,241.970001,244.350006,241.639999,243.660004,217.981247,306846600
20170609,243.770004,245.009995,241.949997,244.240005,218.500168,422984500
20170616,242.679993,244.729996,241.630005,242.949997,217.3461,329025800
20170623,242.960007,244.380005,241.309998,243.490005,218.891418,320125700
20170630,243.660004,243.720001,239.960007,242.770004,218.244156,287351800
20170707,241.889999,244.199997,240.339996,244.009995,219.358917,270001400
20170714,244.020004,247,243.759995,246.990005,222.037872,227043000
20170721,247.279999,247.800003,246.179993,247.429993,222.433426,278589300
20170728,247.960007,248,245.679993,247.440002,222.442444,288955300
20170804,247.309998,248.910004,246.059998,247.25,222.271622,257394800
20170811,246.289993,247.570007,243.699997,246.940002,221.992905,380599500
20170818,246.240005,246.600006,241.830002,244.559998,219.853394,444052000
20170825,245,246.320007,242.929993,246.009995,221.15686,268919700
20170901,246.720001,248.330002,244.949997,246.899994,221.95694,315126600
20170908,247.25,250.210007,246.300003,250.169998,224.896652,309356300
20170915,249.800003,250.320007,248.570007,250.059998,224.797699,343796100
20170922,249.880005,250.490005,248.080002,250.050003,225.904282,291573200
20170929,249.729996,253.440002,249.630005,253.160004,228.713989,312143600
20171006,253.539993,255.050003,253.199997,255.020004,230.394379,270703600
20171013,254.660004,255.949997,254.369995,255.720001,231.026825,212536500
20171020,254.830002,257.51001,254,255.289993,230.638306,385646700
20171027,255.990005,258.429993,255.479996,257.48999,232.625885,324153700
20171103,257.410004,259.350006,256.190002,259.109985,234.089371,273663600
20171110,257.730011,258.589996,255.630005,256.440002,231.677277,347425500
20171117,257.519989,260.200012,257.470001,259.76001,234.676697,305819500
20171124,260.320007,263.630005,260,262.709991,237.341797,256615200
20171201,263.76001,266.799988,260.76001,263.23999,237.820648,540219000
20171208,264.070007,267.559998,262.940002,266.75,240.991699,424961200
20171215,267.089996,268.600006,265.390015,267.029999,241.244644,488065000
20171222,267.73999,268.390015,266.890015,267.320007,242.741104,248748600
20171229,267.890015,270.640015,266.640015,270.470001,245.601456,317849600
20180105,271.200012,275.25,270.540009,274.119995,248.915878,348307900
20180112,274.75,280.089996,274.559998,279.609985,253.901108,372991500
20180119,279.480011,284.700012,278.579987,283.179993,257.142822,564871300
20180126,284.160004,286.630005,280.679993,281.899994,255.980606,522609900
20180202,281.070007,283.059998,258.700012,267.670013,243.05899,1080362000
20180209,268.01001,270,252.919998,269.589996,244.802429,875710100
20180216,271.570007,275.320007,268.769989,270.049988,245.220078,456873800
20180223,271.100006,278.920013,269.640015,271.649994,246.672974,510776100
20180302,271.410004,273.390015,264.820007,272.779999,247.699051,579522400
20180309,273.549988,280.410004,272.420013,275.299988,249.987396,450315300
20180316,275.880005,276.609985,268.619995,270.429993,245.565155,431452000
20180323,267.910004,268.869995,257.829987,259.829987,236.88472,750670500
20180329,261.119995,265.26001,254.669998,263.559998,240.28537,541560100
20180406,265.549988,266.640015,258,263.76001,240.467682,562285900
20180413,265.26001,271.299988,264.01001,270.390015,246.512238,339360900
20180420,269.649994,269.880005,260.850006,263.630005,240.349167,459893400
20180427,264.790009,267.890015,262.109985,263.200012,239.957138,367540100
20180504,262.26001,269.869995,259.049988,269.5,245.700806,410003800
20180511,270.339996,274.079987,270.029999,272.23999,248.198792,327704700
20180518,271.940002,274.25,270.929993,273.359985,249.219925,296590900
20180525,272.910004,273.220001,267.76001,272.609985,248.536163,318005600
20180601,272.149994,277.519989,270.26001,277.399994,252.903168,324030700
20180608,277.950012,279.480011,276.339996,278.029999,253.477554,355401200
20180615,279.01001,279.329987,273.529999,275.970001,251.599472,401373800
20180622,275.959991,275.980011,269.100006,269.350006,246.666733,437472200
20180629,269.290009,273.660004,268.48999,270.899994,248.086105,279984900
20180706,272.170013,279.01001,270.959991,276.859985,253.54425,302991500
20180713,278.279999,281.179993,277.600006,281.059998,257.390564,253450700
20180720,280.309998,284.369995,279.059998,284.01001,260.092163,337707200
20180727,283.200012,284.109985,279.359985,280.859985,257.207306,320854500
20180803,279.390015,286.01001,279.160004,285.459991,261.420013,242073900
20180810,285.529999,285.970001,280.160004,281.779999,258.049927,325293300
20180817,283.399994,287.309998,283.359985,286.170013,262.070313,287659200
20180824,285.970001,291.73999,285.429993,291.480011,266.933014,272193700
20180831,290.940002,291.359985,287.890015,289.029999,264.689331,257417100
20180907,289.149994,289.799988,286.709991,289.119995,264.771759,299986900
20180914,290.320007,291.690002,289.029999,291.220001,266.694946,285369100
20180921,292.640015,293.940002,289.410004,289.880005,265.467773,383359600
20180928,290.410004,293.209991,289.950012,291.720001,268.362244,303372600
20181005,291.179993,291.23999,277.880005,278.299988,256.016693,594309800
20181012,277.079987,281.149994,270.359985,280.450012,257.994659,789172500
20181019,279.399994,280.070007,264.700012,265.320007,244.076019,681034300
20181026,267.380005,273.230011,259.850006,270.630005,248.960876,785797500
20181102,271.600006,281.100006,269.589996,281.01001,258.509674,450589600
20181109,280.109985,281.220001,268.450012,270.200012,248.565247,487583600
20181116,268.779999,274.75,263.149994,265.019989,243.800064,576416100
20181123,263.179993,274.579987,263.070007,274.579987,252.594498,325921300
20181130,273.709991,280.399994,269.899994,270.25,248.611282,461712900
20181207,265.920013,271.220001,258.619995,265.459991,244.204773,736131300
20181214,266.519989,267.48999,249.350006,251.259995,231.141769,728624000
20181221,249.860001,251.619995,233.759995,246.179993,226.468552,873196000
20181228,242.570007,251.399994,238.960007,250.179993,231.492203,610592100
20190104,248.229996,258.910004,243.669998,257.970001,238.700317,587427800
20190111,256.26001,261.970001,255.5,260.980011,241.485489,404435200
20190118,260.01001,266.980011,259.959991,263.410004,243.734009,425580200
20190125,263.209991,268.519989,261.790009,267.579987,247.592529,400311200
20190201,267.51001,273.440002,267.269989,272.73999,252.367126,388440000
20190208,270.940002,275.929993,267.829987,274.98999,254.44902,376839700
20190215,273.779999,278.920013,272.869995,278.410004,257.613525,316054700
20190222,277.700012,281.309998,276.350006,279.200012,258.344513,325125700
20190301,278.959991,281.869995,276.839996,277.329987,256.614227,388797800
20190308,276.829987,282.380005,272.420013,281.339996,260.324646,406086500
20190315,281.369995,284.359985,280.320007,281.549988,260.518982,385904500
20190322,280.640015,285.179993,277.640015,279.649994,259.900696,428135500
20190329,280.350006,287.76001,279.070007,286.420013,266.192596,324356800
20190405,286.779999,288.910004,286.01001,288.290009,267.930573,279929300
20190412,288.829987,291.429993,287.579987,289.450012,269.008545,284839100
20190418,290.100006,293.160004,288.660004,292.230011,271.592255,211508100
20190426,292.119995,294.950012,290.730011,291.809998,271.201874,318668600
20190503,291.679993,294.339996,285.809998,287.529999,267.224091,465070200
20190510,285.230011,288.940002,279.929993,285.059998,264.928619,494150500
20190517,285.839996,289.209991,283.119995,285.630005,265.458344,336309800
20190524,283.160004,284.200012,276.709991,278.269989,258.618134,329004200
20190531,279.109985,282.98999,273.089996,282.959991,262.976898,394216200
20190607,283.290009,291.399994,282.570007,288.390015,268.023438,310239300
20190614,289.399994,293.649994,288.410004,293.059998,272.363678,304584800
20190621,296.040009,296.309998,290.350006,290.470001,269.956482,381075800
20190628,291.309998,298.820007,290.890015,298.799988,279.048859,280815100
20190705,297.440002,299.660004,295.480011,298.609985,278.871368,197068900
20190712,299.320007,301.130005,297.73999,297.73999,278.058929,197738500
20190719,297.190002,301.440002,296.700012,301.440002,281.514404,245487000
20190726,300.940002,302.230011,295.200012,297.429993,277.76944,288698900
20190802,297.600006,300.869995,281.720001,287.970001,268.934814,699425700
20190809,289.619995,294.149994,283.76001,283.899994,265.133881,476893400
20190816,284.880005,293.079987,282.390015,292.450012,273.118683,337267800
20190823,293.230011,293.929993,283.470001,288.890015,269.794006,399617300
20190830,291.720001,294.23999,289.269989,294.040009,274.603516,236789300
20190906,296.790009,300.339996,294,300.25,280.403015,310870900
20190913,301.25,302.459991,298.23999,301.100006,281.196899,308056000
20190920,301.529999,302.630005,294.329987,297.619995,277.94693,376325700
20190927,297.630005,298.459991,286.640015,288.059998,270.261169,403370600
20191004,287.809998,295.26001,284.820007,291.269989,273.272858,368048000
20191011,291.179993,299.700012,291,298.399994,279.96228,290094200
20191018,299.679993,300.899994,297.029999,299.880005,281.3508,232036100
20191025,300.910004,304.549988,299.459991,304.140015,285.347656,216734300
20191101,304.130005,308,301.730011,307.100006,288.124664,290222500
20191108,308.570007,309.98999,307.029999,309.100006,290.00119,239504000
20191115,308.790009,312.690002,308.089996,310.769989,291.567963,309682400
20191122,310.890015,315.480011,309.390015,315.480011,295.986908,230175700
20191129,314.859985,315.130005,307.130005,311.459991,292.215302,235382200
20191206,312.230011,315.309998,310.579987,314.420013,294.992462,230553400
20191213,314.429993,320.25,314.170013,319.589996,299.842987,369873900
20191220,319.799988,321.970001,319.390015,321.230011,301.381592,305712600
20191227,321.649994,323.799988,320.149994,321.859985,303.457367,180246400
20200103,323.540009,325.779999,320.359985,324.450012,305.899323,301307200
20200110,326.160004,329.019989,325.200012,328.190002,309.425507,283478800
20200117,329.700012,332.950012,329.450012,331.339996,312.395325,276553600
20200124,330.630005,332.529999,322.660004,326.619995,307.945221,341326800
20200131,324.359985,333.089996,320.730011,332.859985,313.8284,386944700
20200207,333.910004,337.649994,331.190002,337.420013,318.127747,255426300
20200214,335.859985,339.079987,335.209991,338.339996,318.995056,225125000
20200221,337.73999,338.640015,310.700012,311.5,293.689758,762727000
20200228,305.459991,313.839996,285.540009,312.859985,294.971954,1384785400
20200306,304.980011,308.470001,270.880005,274.359985,258.673218,1256211700
20200313,256,271.480011,228.020004,240,226.277786,1608694400
20200320,239.25,256.350006,218.259995,246.789993,232.679535,1497430800
20200327,249.520004,263.329987,243.899994,246.149994,233.440811,1037779200
20200403,245.190002,276,244.589996,274.029999,259.881348,856484500
20200409,277.579987,284.899994,271.410004,277.76001,263.418732,560756700
20200417,279.149994,287.299988,272.019989,279.100006,264.689545,597929700
20200424,280.48999,294.880005,278.5,293.209991,278.071014,491685100
20200501,291.709991,293.320007,279.130005,284.25,269.573639,482157400
20200508,287.75,294.23999,278.959991,281.600006,267.060486,471808900
20200515,278.950012,297.869995,272.98999,296.929993,281.598969,533879000
20200522,296.790009,303.570007,293.220001,303.529999,287.858215,336020900
20200529,304.649994,313.220001,299.470001,312.179993,296.061554,432089100
20200605,311.109985,323.410004,309.079987,319,302.52948,472440300
20200612,311.459991,315.640015,296.73999,311.660004,295.56839,760731600
20200619,310.01001,314.5,302.100006,304.089996,288.389313,492312400
20200626,303.470001,311.890015,298.929993,310.519989,295.783203,482993600
20200702,314.23999,317.679993,311.51001,316.179993,301.174591,268606600
20200710,316.839996,323.040009,310.679993,321.850006,306.5755,424755600
20200717,319.790009,327.200012,319.089996,326.859985,311.347717,288791300
20200724,326.470001,327.230011,319.25,325.119995,309.690338,303746800
20200731,321.899994,332.390015,319.640015,332.109985,316.348541,284542000
20200807,331.480011,338.279999,331.130005,337.440002,321.425598,268645300
20200814,336.609985,339.609985,335.619995,337.230011,321.225525,231345600
20200821,335.359985,347.859985,335.220001,347.570007,331.07486,235156700
20200828,348.51001,358.75,346.529999,357.700012,340.724121,297170900
20200904,355.869995,356.380005,332.880005,339.790009,323.664093,493095000
20200911,341.820007,343.059998,331,338.820007,322.740082,375872300
20200918,333.559998,337.700012,321.730011,322.640015,307.328064,453576300
20200925,321.220001,338.290009,319.799988,334.890015,320.27356,367720400
20201002,337.690002,342.170013,331.190002,340.76001,325.88739,370971400
20201009,342.850006,354.019989,341.859985,347.929993,332.744354,316143000
20201016,343.709991,350.75,341.040009,342.730011,327.771362,341912100
20201023,342.959991,345.98999,326.130005,326.660004,312.402771,389104600
20201030,326.910004,347.940002,322.600006,343.540009,328.546051,517207200
20201106,349.23999,364.380005,347.649994,356.670013,341.102997,473517900
20201113,355.579987,362.779999,351.26001,356.279999,340.72998,341681800
20201120,355.600006,363.809998,354.149994,362.660004,346.831512,301335600
20201127,363.839996,367.679993,359.170013,366.790009,350.781281,232545200
20201204,366.679993,371.049988,365.5,366.850006,350.838715,279133400
20201211,365.369995,371.160004,363.26001,370.170013,354.013763,306936000
20201218,371.940002,378.459991,362.029999,367.570007,351.527222,391198900
20201224,368.079987,374,367.450012,371.98999,357.270782,168594100
20201231,371.779999,376.980011,364.820007,373.549988,358.769043,363155400
20210108,376.100006,381.48999,375.910004,379.790009,364.762146,289330000
20210115,380.589996,384.790009,373.700012,383.890015,368.699951,270218500
20210122,384.48999,385.850006,372.01001,374.410004,359.595032,337119000
20210129,376.359985,383.700012,368.269989,381.850006,366.740662,413658600
20210205,382.959991,392.279999,381.970001,390.079987,374.644928,228883100
20210212,391.23999,394.170013,388.100006,392.390015,376.863617,196769600
20210219,389.589996,392.380005,380.200012,391.769989,376.268127,390086000
20210226,390.410004,391.880005,378.230011,381.420013,366.327698,604256400
20210305,381.220001,391.399994,371.880005,389.579987,374.164764,682154800
20210312,392.230011,398.119995,391.200012,397.26001,381.540863,396007600
20210319,394.480011,396.720001,387.149994,387.519989,372.18631,491027400
20210326,385.980011,398,383.899994,396.329987,381.894379,527641700
20210401,398.399994,407.23999,398.179993,406.589996,391.78067,309225000
20210409,407.929993,413.959991,406.929993,411.450012,396.463684,293883500
20210416,413.73999,417.910004,410.589996,416.070007,400.915405,369410400
20210423,415.890015,419.01001,411.130005,417.399994,402.19696,325516400
20210430,420.320007,420.720001,411.670013,415.75,400.607056,393953000
20210507,415.829987,422.820007,404,405.410004,390.643677,475606600
20210514,407.070007,417.48999,405.329987,410.859985,395.895142,420002100
20210521,411.799988,420.709991,411.670013,419.070007,403.806122,306517600
20210528,420.170013,422.720001,418.98999,420.329987,405.020203,218541600
20210604,417.850006,423.26001,416.279999,421.649994,406.292145,261203200
20210611,422.959991,425.459991,419.920013,422.109985,406.735352,270844000
20210618,421.670013,424.049988,414.700012,422.600006,407.20755,389593700
20210625,424.890015,428.779999,424.619995,428.059998,413.818115,257197800
20210702,428.869995,434.76001,428.799988,434.459991,420.005188,243398600
20210709,428.779999,437.920013,427.519989,436.23999,421.725922,343765100
20210716,434.809998,436.059998,421.970001,434.549988,420.092163,443320700
20210723,434.73999,441.029999,433.690002,438.829987,424.229736,275233800
20210730,439.820007,441.799988,436.100006,438.980011,424.374786,279955900
20210806,440.220001,443.880005,439.880005,443.779999,429.015076,214495900
20210813,443.619995,447.109985,438.920013,439.179993,424.568146,334145500
20210820,436.269989,449.459991,436.119995,448.910004,433.974426,299068300
20210827,448.609985,453.109985,446.160004,451.799988,436.76825,291443700
20210903,453.320007,454.049988,448.859985,450.910004,435.907837,197524900
20210910,450.700012,452.570007,443.220001,447.880005,432.978668,388646500
20210917,447.320007,448.359985,428.859985,437.859985,423.292053,557533400
20210924,439.850006,444.890015,432.940002,434.450012,421.341034,412627400
20211001,436.019989,436.769989,426.359985,434.899994,421.777496,602030800
20211008,438.390015,441.679993,431.540009,435.179993,422.049042,356383400
20211015,439.079987,452.730011,438.579987,452.410004,438.759094,295278600
20211022,451.769989,458.48999,451.049988,453.940002,440.24295,273878100
20211029,455.459991,465.149994,455.450012,464.720001,450.697662,271452100
20211105,465.359985,470.649994,462.040009,463.619995,449.63089,290221700
20211112,465.209991,470.48999,463.75,468.140015,454.014496,232011500
20211119,469.23999,473.540009,464.450012,469.440002,455.275208,315768500
20211126,462.339996,466.559998,450.290009,450.5,436.906799,479437200
20211203,450.730011,470,448.920013,469.519989,455.352783,531670400
20211210,468.149994,470.899994,460.25,470.600006,456.400238,440320500
20211217,472.570007,472.869995,451.140015,467.690002,453.578064,487911500
20211223,468.75,478.809998,468.640015,477.480011,464.699554,215025900
20211231,477.929993,479.980011,468.279999,468.380005,455.843079,368952200
20220107,467.890015,473.200012,456.600006,471.019989,458.412445,433241000
20220114,472.190002,472.880005,451.459991,451.75,439.658264,406130700
20220121,453.75,458.73999,420.76001,433.380005,421.779907,930823200
20220128,438.26001,458.119995,427.820007,457.350006,445.108368,707103500
20220204,450.950012,457.880005,443.829987,457.540009,445.293243,494553600
20220211,451.339996,457.709991,435.339996,446.600006,434.646088,589670900
20220218,443.220001,446.570007,421.350006,421.950012,410.655914,491871800
20220225,411.019989,439.720001,410.640015,437.890015,426.169281,736874800
20220304,440.470001,441.109985,415.119995,427.410004,415.969788,639140000
20220311,422.519989,435.679993,415.790009,435.619995,423.959991,536512100
20220318,433.589996,450.579987,433.190002,443.799988,431.921051,451448700
20220325,445.940002,462.070007,444.76001,458.700012,447.809082,376616400
20220401,457.890015,458.76001,443.470001,446.519989,435.918243,451462200
20220408,445.589996,450.690002,436.649994,443.309998,432.784454,405574400
20220414,443.549988,447.570007,435.609985,444.709991,434.151245,306917400
20220422,448.540009,450.01001,415.01001,417.269989,407.362762,563563100
20220429,422.290009,429.660004,405.019989,429.059998,418.872803,653528800
20220506,424.549988,425,391.959991,392.75,383.424927,755144200
20220513,389.369995,408.570007,385.149994,391.859985,382.556061,508591800
20220520,388.619995,399.450012,380.540009,397.369995,387.935242,489279500
20220527,398.670013,416.459991,398.450012,409.589996,399.865112,349459800
20220603,409.420013,417.440002,407.040009,411.220001,401.456421,332615200
20220610,409.339996,411.73999,370.589996,379.200012,370.196625,618867200
20220617,370.51001,378.720001,362.170013,374.390015,365.500854,412458500
20220624,376.640015,393.160004,372.890015,380.339996,372.913513,395576900
20220701,376.23999,385.869995,372.559998,383.25,375.766724,339212200
20220708,385.119995,390.640015,374.660004,378.829987,371.432983,341734400
20220715,373.609985,396.26001,371.040009,394.769989,387.061768,382318600
20220722,394.160004,402.880005,389.950012,401.040009,393.209351,326021200
20220729,401.890015,415.679993,398.149994,414.450012,406.357513,362223800
20220805,414.369995,420.140015,409.600006,419.98999,411.789307,269955100
20220812,422.98999,431.730011,419.209991,426.649994,418.319305,298084900
20220819,426.859985,428.609985,411.390015,413.670013,405.592773,293018700
20220826,415.23999,419.959991,395.040009,395.179993,387.463745,381082200
20220902,392.890015,401.559998,388.420013,397.779999,390.013031,325973800
20220909,395.390015,411.730011,391.119995,394.600006,386.895081,434755700
20220916,392.959991,395.959991,377.380005,377.390015,370.021118,448018600
20220923,376.579987,378.299988,360.869995,370.529999,364.787415,523497000
20220930,366.809998,379.459991,357.040009,377.089996,371.245728,548088500
20221007,375.619995,378.720001,355.709991,356.559998,351.033936,435640400
20221014,349.209991,375.450012,348.109985,368.5,362.788879,541069500
20221021,368.029999,387.579987,363.540009,382.019989,376.099365,487692000
20221028,383.070007,390.390015,374.76001,374.869995,369.060211,491303100
20221104,371.470001,385.119995,368.790009,374.130005,368.331635,422028800
20221111,388.049988,402.309998,385.640015,395.450012,389.321228,468902200
20221118,390.459991,402.929993,390.140015,402.420013,396.183228,347352600
20221125,401.829987,407.679993,393.299988,407.679993,401.361664,295303700
20221202,408.769989,410,391.640015,393.160004,387.066711,382930800
20221209,395.140015,410.48999,393.149994,399.399994,393.209991,449485200
20221216,394.299988,395.25,377.850006,386.230011,380.24411,470036600
20221223,383.049988,386.209991,374.769989,376.660004,372.525269,282527900
20221230,379.630005,386.429993,377.829987,383.76001,379.547333,311777900
20230106,381.720001,395.600006,378.76001,395.519989,391.178192,389377400
20230113,396.670013,400.230011,391.279999,391.48999,387.192444,316371200
20230120,389.359985,402.649994,387.26001,400.350006,395.9552,407269300
20230127,403.130005,413.670013,400.029999,410.799988,406.290436,403106600
20230203,414.859985,418.309998,407.570007,410.649994,406.14212,423904800
20230210,414.410004,415.049988,405.01001,413.980011,409.435608,364323100
20230217,408.790009,412.910004,397.019989,398.540009,394.16507,332087500
20230224,401.559998,402.200012,393.380005,394.73999,390.406769,481026900
20230303,392.679993,407.450012,392.329987,398.920013,394.540894,431100900
20230310,399.73999,401.480011,380.649994,389.279999,385.006683,781737600
20230317,386.820007,402.48999,386.290009,392.109985,387.805634,580134200
20230324,395.089996,401.600006,389.399994,401.350006,398.459137,441413700
20230331,404.089996,411.920013,401.76001,407.600006,404.664154,381095400
20230406,406.769989,412.170013,405.679993,408.049988,405.110901,273142600
20230414,409.179993,415.720001,407.98999,414.140015,411.157043,349200000
20230421,411.209991,413.700012,403.779999,404.359985,401.447449,391843600
20230428,407,417.619995,406.73999,408.019989,405.081116,439956600
20230505,406.929993,414.540009,403.73999,412.850006,409.876343,378155700
20230512,411.950012,415.859985,409.070007,415.230011,412.239197,339878400
20230519,414.899994,420.720001,409.880005,411.089996,408.128998,437199500
20230526,414.73999,422.579987,412.410004,417.850006,414.840332,367819400
20230602,418.089996,429.619995,416.790009,426.549988,423.477631,395087400
20230609,426.619995,439.059998,425.820007,437.179993,434.031067,420311700
20230616,436.329987,443.899994,434.329987,434.940002,431.80722,377567100
20230623,433.950012,437.440002,431.190002,436.390015,434.85614,383985000
20230630,435.959991,444.299988,435.540009,443.130005,441.572418,264015600
20230707,439.420013,447.480011,437.059998,446.019989,444.45224,385566200
20230714,447.899994,456.429993,447.450012,455.200012,453.600006,341503300
20230721,454.170013,456.98999,451.440002,455.51001,453.908905,322104500
20230728,459.019989,459.440002,449.350006,450.130005,448.547821,383471500
,,,,,,
,,,,,,
,,,,,,
,,,,,,
,,,,,,
,,,,,,
,,,,,,
,,,,,,
,,,,,,
,,,,,,
,,,,,,